date,weekday,theme,url,title,pin_description
2026-07-01,Wednesday,breakfast,https://goodmorning.pics/blog/good-morning-wednesday-2026-07-01/,Good Morning — Happy Wednesday,"Good morning! Happy Wednesday. Breakfast tastes better when you take your time. A fresh retro good morning wednesday picture, new every day. Easy morning recipes at Dragonfly Supply. #goodmorning #goodmorningwednesday #breakfast #morningvibes #retroart"
2026-07-02,Thursday,coffee,https://goodmorning.pics/blog/good-morning-thursday-2026-07-02/,Good Morning — Happy Thursday,"Good morning! Happy Thursday. Wrap your hands around something warm and ease into the day. A fresh retro good morning thursday picture, new every day. Start your morning with day9.coffee. #goodmorning #goodmorningthursday #morningcoffee #morningvibes #retroart"
2026-07-03,Friday,camp,https://goodmorning.pics/blog/good-morning-friday-2026-07-03/,Good Morning — Happy Friday,"Good morning! Happy Friday. Mornings feel bigger outdoors — fresh air, quiet light, and the whole day waiting. A fresh retro good morning friday picture, new every day. Planning a first family campout? Dragonfly Supply has you covered. #goodmorning #goodmorningfriday #campvibes #morningvibes #retroart"
2026-07-04,Saturday,breakfast-chili,https://goodmorning.pics/blog/good-morning-saturday-2026-07-04/,Good Morning — Happy Saturday,"Good morning! Happy Saturday. A warm, filling start for a day with a lot ahead. A fresh retro good morning saturday picture, new every day. Cozy breakfast chili ideas from ChiliStation. #goodmorning #goodmorningsaturday #breakfast #morningvibes #retroart"
2026-07-05,Sunday,motivation,https://goodmorning.pics/blog/good-morning-sunday-2026-07-05/,Good Morning — Happy Sunday,"Good morning! Happy Sunday. You don't have to do it all today — just the next good thing. A fresh retro good morning sunday picture, new every day. #goodmorning #goodmorningsunday #morningmotivation #morningvibes #retroart"
2026-07-06,Monday,coffee,https://goodmorning.pics/blog/good-morning-monday-2026-07-06/,Good Morning — Happy Monday,"Good morning! Happy Monday. Wrap your hands around something warm and ease into the day. A fresh retro good morning monday picture, new every day. Start your morning with day9.coffee. #goodmorning #goodmorningmonday #morningcoffee #morningvibes #retroart"
2026-07-07,Tuesday,sunrise,https://goodmorning.pics/blog/good-morning-tuesday-2026-07-07/,Good Morning — Happy Tuesday,"Good morning! Happy Tuesday. Every sunrise is a fresh start and a clean page. A fresh retro good morning tuesday picture, new every day. #goodmorning #goodmorningtuesday #sunrise #morningvibes #retroart"
2026-07-08,Wednesday,breakfast,https://goodmorning.pics/blog/good-morning-wednesday-2026-07-08/,Good Morning — Happy Wednesday,"Good morning! Happy Wednesday. Slow down, sit down, and start the day with something good. A fresh retro good morning wednesday picture, new every day. Easy morning recipes at Dragonfly Supply. #goodmorning #goodmorningwednesday #breakfast #morningvibes #retroart"
2026-07-09,Thursday,coffee,https://goodmorning.pics/blog/good-morning-thursday-2026-07-09/,Good Morning — Happy Thursday,"Good morning! Happy Thursday. First coffee, then everything else. A fresh retro good morning thursday picture, new every day. Start your morning with day9.coffee. #goodmorning #goodmorningthursday #morningcoffee #morningvibes #retroart"
2026-07-10,Friday,camp,https://goodmorning.pics/blog/good-morning-friday-2026-07-10/,Good Morning — Happy Friday,"Good morning! Happy Friday. The quietest, best part of any trip is the early morning. A fresh retro good morning friday picture, new every day. Planning a first family campout? Dragonfly Supply has you covered. #goodmorning #goodmorningfriday #campvibes #morningvibes #retroart"
2026-07-11,Saturday,breakfast,https://goodmorning.pics/blog/good-morning-saturday-2026-07-11/,Good Morning — Happy Saturday,"Good morning! Happy Saturday. A good morning starts with something warm on the table and a minute to enjoy it. A fresh retro good morning saturday picture, new every day. Easy morning recipes at Dragonfly Supply. #goodmorning #goodmorningsaturday #breakfast #morningvibes #retroart"
2026-07-12,Sunday,motivation,https://goodmorning.pics/blog/good-morning-sunday-2026-07-12/,Good Morning — Happy Sunday,"Good morning! Happy Sunday. Small steps still move you forward. A fresh retro good morning sunday picture, new every day. #goodmorning #goodmorningsunday #morningmotivation #morningvibes #retroart"
2026-07-13,Monday,coffee,https://goodmorning.pics/blog/good-morning-monday-2026-07-13/,Good Morning — Happy Monday,"Good morning! Happy Monday. First coffee, then everything else. A fresh retro good morning monday picture, new every day. Start your morning with day9.coffee. #goodmorning #goodmorningmonday #morningcoffee #morningvibes #retroart"
2026-07-14,Tuesday,sunrise,https://goodmorning.pics/blog/good-morning-tuesday-2026-07-14/,Good Morning — Happy Tuesday,"Good morning! Happy Tuesday. However yesterday went, the sun came up again. A fresh retro good morning tuesday picture, new every day. #goodmorning #goodmorningtuesday #sunrise #morningvibes #retroart"
2026-07-15,Wednesday,breakfast,https://goodmorning.pics/blog/good-morning-wednesday-2026-07-15/,Good Morning — Happy Wednesday,"Good morning! Happy Wednesday. A good morning starts with something warm on the table and a minute to enjoy it. A fresh retro good morning wednesday picture, new every day. Easy morning recipes at Dragonfly Supply. #goodmorning #goodmorningwednesday #breakfast #morningvibes #retroart"
2026-07-16,Thursday,coffee,https://goodmorning.pics/blog/good-morning-thursday-2026-07-16/,Good Morning — Happy Thursday,"Good morning! Happy Thursday. The best mornings start with a quiet cup and a moment to yourself. A fresh retro good morning thursday picture, new every day. Start your morning with day9.coffee. #goodmorning #goodmorningthursday #morningcoffee #morningvibes #retroart"
2026-07-17,Friday,camp,https://goodmorning.pics/blog/good-morning-friday-2026-07-17/,Good Morning — Happy Friday,"Good morning! Happy Friday. Cool air, warm coffee, and a sunrise over the trees. A fresh retro good morning friday picture, new every day. Planning a first family campout? Dragonfly Supply has you covered. #goodmorning #goodmorningfriday #campvibes #morningvibes #retroart"
2026-07-18,Saturday,breakfast,https://goodmorning.pics/blog/good-morning-saturday-2026-07-18/,Good Morning — Happy Saturday,"Good morning! Happy Saturday. A full plate and a sunny window — that's a morning done right. A fresh retro good morning saturday picture, new every day. Easy morning recipes at Dragonfly Supply. #goodmorning #goodmorningsaturday #breakfast #morningvibes #retroart"
2026-07-19,Sunday,motivation,https://goodmorning.pics/blog/good-morning-sunday-2026-07-19/,Good Morning — Happy Sunday,"Good morning! Happy Sunday. A new day, a clean page. A fresh retro good morning sunday picture, new every day. #goodmorning #goodmorningsunday #morningmotivation #morningvibes #retroart"
2026-07-20,Monday,coffee,https://goodmorning.pics/blog/good-morning-monday-2026-07-20/,Good Morning — Happy Monday,"Good morning! Happy Monday. The best mornings start with a quiet cup and a moment to yourself. A fresh retro good morning monday picture, new every day. Start your morning with day9.coffee. #goodmorning #goodmorningmonday #morningcoffee #morningvibes #retroart"
2026-07-21,Tuesday,sunrise,https://goodmorning.pics/blog/good-morning-tuesday-2026-07-21/,Good Morning — Happy Tuesday,"Good morning! Happy Tuesday. A new dawn, a new chance. A fresh retro good morning tuesday picture, new every day. #goodmorning #goodmorningtuesday #sunrise #morningvibes #retroart"
2026-07-22,Wednesday,breakfast,https://goodmorning.pics/blog/good-morning-wednesday-2026-07-22/,Good Morning — Happy Wednesday,"Good morning! Happy Wednesday. A full plate and a sunny window — that's a morning done right. A fresh retro good morning wednesday picture, new every day. Easy morning recipes at Dragonfly Supply. #goodmorning #goodmorningwednesday #breakfast #morningvibes #retroart"
2026-07-23,Thursday,coffee,https://goodmorning.pics/blog/good-morning-thursday-2026-07-23/,Good Morning — Happy Thursday,"Good morning! Happy Thursday. Pour something warm, take a slow breath, and let the day come to you. A fresh retro good morning thursday picture, new every day. Start your morning with day9.coffee. #goodmorning #goodmorningthursday #morningcoffee #morningvibes #retroart"
2026-07-24,Friday,camp,https://goodmorning.pics/blog/good-morning-friday-2026-07-24/,Good Morning — Happy Friday,"Good morning! Happy Friday. There's nothing like waking up to birdsong and a campfire. A fresh retro good morning friday picture, new every day. Planning a first family campout? Dragonfly Supply has you covered. #goodmorning #goodmorningfriday #campvibes #morningvibes #retroart"
2026-07-25,Saturday,breakfast,https://goodmorning.pics/blog/good-morning-saturday-2026-07-25/,Good Morning — Happy Saturday,"Good morning! Happy Saturday. Breakfast tastes better when you take your time. A fresh retro good morning saturday picture, new every day. Easy morning recipes at Dragonfly Supply. #goodmorning #goodmorningsaturday #breakfast #morningvibes #retroart"
2026-07-26,Sunday,motivation,https://goodmorning.pics/blog/good-morning-sunday-2026-07-26/,Good Morning — Happy Sunday,"Good morning! Happy Sunday. Morning is the world quietly offering you another try. A fresh retro good morning sunday picture, new every day. #goodmorning #goodmorningsunday #morningmotivation #morningvibes #retroart"
2026-07-27,Monday,coffee,https://goodmorning.pics/blog/good-morning-monday-2026-07-27/,Good Morning — Happy Monday,"Good morning! Happy Monday. Pour something warm, take a slow breath, and let the day come to you. A fresh retro good morning monday picture, new every day. Start your morning with day9.coffee. #goodmorning #goodmorningmonday #morningcoffee #morningvibes #retroart"
2026-07-28,Tuesday,sunrise,https://goodmorning.pics/blog/good-morning-tuesday-2026-07-28/,Good Morning — Happy Tuesday,"Good morning! Happy Tuesday. The sky put on a show this morning — take a second to enjoy it. A fresh retro good morning tuesday picture, new every day. #goodmorning #goodmorningtuesday #sunrise #morningvibes #retroart"
2026-07-29,Wednesday,breakfast,https://goodmorning.pics/blog/good-morning-wednesday-2026-07-29/,Good Morning — Happy Wednesday,"Good morning! Happy Wednesday. Breakfast tastes better when you take your time. A fresh retro good morning wednesday picture, new every day. Easy morning recipes at Dragonfly Supply. #goodmorning #goodmorningwednesday #breakfast #morningvibes #retroart"
2026-07-30,Thursday,coffee,https://goodmorning.pics/blog/good-morning-thursday-2026-07-30/,Good Morning — Happy Thursday,"Good morning! Happy Thursday. Wrap your hands around something warm and ease into the day. A fresh retro good morning thursday picture, new every day. Start your morning with day9.coffee. #goodmorning #goodmorningthursday #morningcoffee #morningvibes #retroart"
2026-07-31,Friday,camp,https://goodmorning.pics/blog/good-morning-friday-2026-07-31/,Good Morning — Happy Friday,"Good morning! Happy Friday. Mornings feel bigger outdoors — fresh air, quiet light, and the whole day waiting. A fresh retro good morning friday picture, new every day. Planning a first family campout? Dragonfly Supply has you covered. #goodmorning #goodmorningfriday #campvibes #morningvibes #retroart"
